b4faccc9-4558-5663-3dfd-41ecf26bdbd5.csv,b'IRe210G_NnSrjlRIrYxB2JDM_--smyKw8_fJ2WoWe_A='
aab88605-4d68-76cc-707d-adf93b21a016.csv,b'8evMnYEFXGwgP8h1hhmvexqG0tnei2irF1yTyDswpPk='
74fd3dd8-8b90-923e-cf1a-ef818064a76c.csv,b'51Q9i7bP6pFy0Gw0WkXR2kj1GQqjfD58fQmXT7jl5fw='
b7dab12f-cdbd-e169-9947-3643c12d3629.csv,b'2Ek4tUtsNBh4Y5s1BHQyKeVXYlFDgm_5SAZa8kKN1KA='
e0e1f21a-22a7-d166-7bb1-63f6bbce1a32.csv,b'K7mSL3PfKemxa5P6i26sQWLOhleV-9C0YbfNMjokbCM='
f643eaca-6406-fce7-2700-b2bf70c861e6.csv,b'yqzAr38h-lQzk-LIrqnE3m9MjiLkEbR8vp4fCS0v8_8='
d47e7895-a94d-fc4a-d3b5-9bd50c174151.csv,b'ONpTf-EZAzBxCXpHd-rSKSwJNHOaE2EfL3RbYyuyjGw='
e575d740-f53b-12c3-32f8-611e3b16d817.csv,b'3_bJqoLLx5xqM7KkgcPcKCRtM6Z2x69XJ-fs3_ruc1E='
f9805d16-87db-6c51-2f8a-9581302f6302.csv,b'8Q6nUgykYYIMcVu5PFYJ7rUczSnInqpL3ALlpYo1rwg='
81a0b560-32a9-605b-2a50-83c8e9a95180.csv,b'0kRdjatPWFOWamOuwQqI_oU3BapCEd2xedvJlMy2uKw='
241d2b38-5d59-7a62-18a7-bc21cb4b348b.csv,b'TUHnOiec5QopFez06pEhSEtkmPenytO-kZFsuGnptOo='
50a44e18-4c69-3a66-b3e5-6bd7ff6f6483.csv,b'NXQaY1Any3Avke5D-Rx9QxL_ea8wPTEf-Us91D5Fozo='
9fad3fd3-5118-eff8-756f-f630faff3893.csv,b'KiXgb-NuFKWm0WLDwn3o2WXeaw8OIsBfBjHhCgLlOsM='
10c8528d-23e4-6a92-c005-efde4d651ce1.csv,b'ylJwul5fVISZN8WsG8_UevD8MFXMMU6LYkv6RNIYRDg='
50b1568b-53d7-18a9-0242-39603cc9fd9b.csv,b'GAu0LeRLohxVKk4w5tVQa_lBRoj_T8P-HZCfskhee9k='
82e66fb7-016f-65d1-6ab2-d6d5af58576b.csv,b'YG0icnCgpjQgqT5Hd35V6A6UDu3JOM7hCr2rpCqYMk8='
cd8e26ec-75ff-6615-61b1-6131388fe3e1.csv,b'MS9EmofNNhXCygLzPXjBunc47VziZROi0ZGKzDOPDRY='
d0cec11a-0908-1aff-779a-aeecb578f6ed.csv,b'AmfMcRmJ3nX8cB2rJqWpje1EK15p0TJe2Pf-zoNHhJ0='
4b9c916a-1c39-acc1-aef3-1d045620ae02.csv,b'uKHCqXD-OUr1QzLiHlOnKnkU58xV1eSnT2C2m5FxZr8='
a02f7b7e-ac8e-dec3-d834-522eb9143635.csv,b'99-i1K6IAXlV0MArUqCqXklxS5RiVbXvq-ZTRAWhhEQ='
5620ba71-f665-550f-791f-7fd06732f228.csv,b'Uuxyhp7CyJ17uOF1JOVa8elMx3leyiTgsjbBzcPuevQ='
fa848e1d-cd90-2576-ed80-4c6260cd9f75.csv,b'CCQhR56XCHRrBhFJyrZPsxRbFBnq4Axg_0YzCE6PaxA='
d7487ef4-dfe9-37b2-ea2b-db9d42cfd357.csv,b'uehv2r0WuSTCPQZfi29b8Nx6E-_hGgX6lp_7Lkc7Ggg='
5b70be80-a0f2-849f-a286-8a8d2eab86b9.csv,b'QH1YkyJKm0QsZmjGHQiZbiCau6YlYsIXJsS9rA-1Ru0='
fd87a73e-d9b8-9862-0d8d-a87118b9532a.csv,b'M9bib7gMDcunje5RkpnIxtML9UJXTf6L6mFK_yKfGbY='
27143e6a-3ce4-1e02-7116-f4b6d05db0d8.csv,b'HkS5L49VaWuKzprt4SHpnmdFOmepQAA4pzOLCpkF8RQ='
a6098ac7-2263-44f1-b8e0-11d5e321a0a9.csv,b'KC-Obe_vMz-o9wLEQKXuldKl_PCCzrmQcH_247XStl0='
ff3b0878-1c85-2347-175c-3c9d69049c71.csv,b'ru8cIyacrfaGwXGXq40A5NRWgO213SRLj_cHtFGI_B8='
a816d435-c9ad-d306-2186-2901c3378bce.csv,b'mlE0zAVXFpA4T2Hy3uJaovhwXRCJDKwtjCegazKlYQ4='
4deb4770-8c75-b4c3-3eaf-12b005418b62.csv,b'QcOpVmIekJbVwW2XplozTRiagZmkxhy0hC8_L0lB3JA='
ed70a28f-30b2-acb7-658a-8b340dadd685.csv,b'fcKF0XKF68tE1PSQmhERylojFJSD9iwSw5QvMOEOzQQ='
791aaec5-2074-0458-b1b6-f6e79a4ce68b.csv,b'XnEON0lNy1lwRAfuUF8FXB10GARYSYi3TaN2DoMQldg='
3e9b3e59-e02b-d73f-fc12-701f2d055589.csv,b'sTYx0zThYE-6G0iDm2v8VH8JSXSi-G6cCMboVYDP2Hg='
7f3726a1-ab1b-9ce0-94bd-34436514ccc1.csv,b'r9hkrKMI2UPkpRQUF3ziwCqNvIKyth9eKqfOjGRWJQo='
9c8e1d87-f40a-a525-621e-943461fc613b.csv,b'EsN5ZEeaVl0RlBRX4Gsxm0OOF9sgj8tZoSeyoRdzFwI='
5774a0a5-00fb-891d-47b1-7184f84c576b.csv,b'aAM5QxMhzsxfdvYuG82xAZsLp4q1i08h8Rp5Hp_SS2k='
50f82177-4bd4-c148-3c0c-e3da50f62634.csv,b'QZOyplOO8Nccpks84GvdVzyrZsDCsb2YZb5VKYWHqEA='
1829a00a-e784-ba22-509a-f955936b1a6e.csv,b'-NF3yAMb5tH3cyBJH-vOmDHh-jNGraFrRSK8wU0pMew='
f76dbfcd-dc76-3177-da13-00a1cd9c4119.csv,b'7zilqLxwmwUgo2ev26y9h6l2_JFVkAIvu07Kql4gZH0='
a5cbfb33-4ff6-a211-1872-1cc13aa0a26e.csv,b'H830ySzFrIj_u2rjEb8iF-cEZmCLv55GRGoP8ZIvb8g='
08dbe52c-3eae-2d62-72f9-5575f6d305f2.csv,b'-JJniCEoBbEJhCJ58TNVHrKP9St6gQWD3IfOZ7ZARng='
6cd5d5da-5fcf-edc9-6258-2be16071e3fd.csv,b'S5aCqkgOjHoIDvNZ6-QWRKA021ESonhh9hl0RlZjbQM='
96a8c795-5ddb-d438-9aa0-92292a6d48da.csv,b'gFvTHKqK_g_9ceTlQ7vXzIeXdsj_XJ1ong5tvd5XMzY='
596027dd-1a91-6401-a0e5-d50f072ef028.csv,b'8LxPayNBXIqXAUgYnvqui7BLeIbNGoFqQQKiNHcIT8w='
45d3c62d-ce2e-1b99-2424-2e302837ac8f.csv,b'r4nmvyMMWwSxdMww1eTYqOf0Q9m1hmrFOWtRueCJP9M='
df9077ac-0a6a-7171-c445-83e4de47ea9e.csv,b'_XKxX9zX48-pGEK_UVSFCPqvvguXeOmJzAzcGhykkBM='
a78b7a6e-3a87-57ed-579e-f0aa516cf4f7.csv,b'IiQO8-HVhDiyFBz8twujU-WAPeH_rl83hpqsvFj4Zfs='
22f833d1-2415-e570-3d69-247606b565f6.csv,b'm3o2pBd1jEIGLCCuTZl6hx83vJcyz26rDpM75rTo7E4='
5ab73776-7eda-c148-b9b1-516106cdba04.csv,b'ib1sbkjwavle16DO8kFOrHFzu9QTWrAUGcVFWHYTMYI='
39c1bf04-de5c-8b90-0424-0057a74af800.csv,b'wiPwREctoD-X5XjrAK5x6mJqYR6eYkloPfPRoBrtSwA='
1096b354-d267-356f-5d1d-9ea145fd7edf.csv,b'eQgv3xldDNdGeix39Nkm83Mmrv6RD_arPpDR_ydGbr8='
54ca0496-0617-4d76-85f3-670d91233b5a.csv,b'qsXQ4viEZO3jFi1PWwiX2ahXpnRvwGfuAkxfB5e1peA='
ed8d4f87-76c3-3647-4502-652d571e614f.csv,b'nP1HjOJL0ax1riSGKlPkWps0gIjEAzpIMr6xBl0vZoY='
10acd373-14d9-6077-f0fc-790e06d7c6c5.csv,b'KwADNr9wTb2prbQU5ZVRBVGzuyGVQf8uy2q03S706U4='
a15b86d7-484c-c362-f450-faa2ac14842b.csv,b'RqnCd-1wqJoi6htADVusy3XReeeWYmSrBjTC_GOubw4='
03b3c284-3b57-bfe3-7274-ef49406def8e.csv,b'vhq3n-Y30ZE6NFhk_fK1IynmdPq9kZVaIMKXlPSGOOQ='
8167fa71-7800-c68a-ca8a-66c47c181ffb.csv,b'WuiSYJQ-5gQ2ItLh7wNrArikWo51wzDa3ckMgPp-AG4='
752b34ad-bea7-27c6-8c53-417a6d9fba25.csv,b'7CoSOdi1isReUdwXnHDRFOBQeKzyedAmSMeRcaG2Qvk='
b5fab35c-8cd1-49f0-b28c-122866af8614.csv,b'rmzRl-7YrfmxSdwWC9rFhotvrtR0Mnxsxds-YYcxPMU='
9ba7c077-65cc-65d2-b8bd-d6ec76ab67ca.csv,b'AoLf9Xw08yZgVZ9NRdHOxGrZIYzHYfhSu9Hum4uvdug='
40461c62-aca9-ad4f-6b43-e266a831f407.csv,b'tOvqqt2G9Mm5WYzK12z96u2WoBb-4gkQoOUqVagyJIM='
75ea1afa-b75a-3978-0f47-c2bd4d8b3dbf.csv,b'410x9oTV5ch9wf4SU8TskFp1KBsqiowi9rzSWb30Xqg='
74e650f1-4fa4-68cb-0f62-5bf9287a07a4.csv,b'R1LmrdNBhOMp5IeeCT4V4Cx0svg7CcddZWyYcxRCF5c='
eafb09ef-da63-8475-1fd3-5e08cc7049fe.csv,b'5N4s7RNDCYMZnu1LOwayOaDpxhqWCFMQ1OaxZdQfuY4='
82ffad87-eea3-9f1d-b97a-79b3393be8f2.csv,b'k2eZFXdlpp4KNpNjc5RClyVO_8DpkmlpQ01PAk-b6lg='
145c8f1d-3653-8d02-6a18-1681f10be2b7.csv,b'ebXiTJJRzVPFlW-E-q7KYDQOYLZFalBUuHxCLQOApNA='
37d33c8b-a594-bdcb-a83d-a470b5be69c7.csv,b'mgdRK-GYaizSMYmRBSiecVLVU06aiWJS1KVFwSOXR2g='
d9e5fcda-4b2d-784f-2e46-dba97c78b926.csv,b'dtiJRP2AxDjUzYJT3M0cFbM7NiYUwVtl0zzw5cxOVi8='
619a7ade-d20c-c769-dd54-836974d78892.csv,b'9NbbrFuvokIvUxwF8SS0wrK9Nk2sp7shocfnJBhp71k='
aa9eabaa-c5bc-f66e-9964-c661dc42f756.csv,b'kXKNbEBF_bGeDdtDIB346BlGLZ94R1oUVNbobKhoHgg='
86da2090-8404-2b03-ce41-71f5ba023216.csv,b'r2YXcFlURrVRuBGcLDzbuTSAOhLuOkzoo9k1ScUsh0Q='
f9474a08-8797-fb7e-da37-c4b807722399.csv,b'xUW_2Fri9bg016zIIPFO1Y1pRvdLn5aUNOu4tbysSZM='
aa62f88c-f84a-7528-77e9-ceae4e307d98.csv,b'u2Bth4S-O3iTkT0wl7ZkWnuE8UgdCQ38ipeAzf_G-Aw='
1c3ef85e-94e9-00fc-f9cb-bcba7b7e2eb8.csv,b'j-Rr3XNcouZIH4MmlwQdQBPyWqvsfTgDcq8nKn7aKX4='
30416215-c611-cf16-5aff-c6d1867c64c4.csv,b'g3HJcuh3Rbo7ZKIqcR29qIzgAwy4L9vbhsW_EUHKbNM='
f0508a26-db72-5402-157e-9cdcb6ba21e1.csv,b'9HOwJuCgOtC3fuSlMqzIk0NeIUhlQ8TrxqbNcFMPtuU='
b07fb5d9-fef2-acee-aabb-0fd13577a115.csv,b'WhXJF7RXaaSqzVPV6_Ky3_NkJkEYNC9UGWBfVD7sUVs='
6f981218-09ab-3cc7-126e-318f6e7761e0.csv,b'K-Q60JCaPB06yhZIdSQhWj3YOJHPRVwJJd1Wr66W9z0='
757a9d60-9955-98e7-7699-c3704da41196.csv,b'G0fLRVlQ8V_QfJteXqgWdR11GnZX2HLTtDDJJOqm-rU='
45c26450-f06b-2900-bf59-c87c7e5f879f.csv,b'gPLRA5EwSKLvRVUk-UZLJsANTuWnBmRdsM3ugQMKuvw='
4435e2e8-5275-399e-6c73-0f5078eb12f5.csv,b'94kjuL964P2FWOpj3crsHIcA4Hl3RUO7-YzQjxHae3Q='
6e13e8e0-d846-fe7f-36ea-3eb65b3e3a60.csv,b'-Od32_vJixT7NAfD2_n1_FI2GTdAl6LYfIJvgoL3ZFg='
bd48d71a-b748-ad11-36b5-e68e7829a5eb.csv,b'_8GtYCNR9kFYijR8TW-QID-2_vM2jgV7b92dcdSD7ms='
9b0f5e81-0e5e-8906-e3d6-f699e2e43fa5.csv,b'GeF3xYuV0u8KkqjQzgV6RNJ3xjvzGEcHJ_Xk-euLJpg='
d97b0f46-a666-2fdb-ca4e-e812f59e4ad4.csv,b'GymOCbtR6PZOx7VRnnxqbzEY2N1U36Urq6gAmgBLpR8='
3bafeb04-ad69-3ee4-c720-5f2303d1c0a8.csv,b'8BajX-kt2yI1ZsEaTMAxsV8uurAWpGD2s_Iqq6KF1p0='
a0923636-f4f9-ae18-2d78-ae28a1d8e012.csv,b'dk4EbeExmAHg9Crn2-lhzuMichmCnPIbTEZRDRnsuhk='
dd84862c-76af-8a2c-688a-d0298301174f.csv,b'MI56DoUlEuJKm6EmXH_ewoByC52fjPk55YC74u5Ylzw='
2b10c428-4798-b5dc-3272-ab24845de619.csv,b'MGrc6BFP0YGjcjxiW2ueQUmYS-hA5hVLnj22Ou6Iqxk='
7e916ab9-3633-cca2-464c-d49991932bef.csv,b'uXwczgIHov6GlAk__u31i8y2CESjwnIsA8XhHBSdPKg='
d40ab6f5-dcaa-f4d7-6f90-f62606935e85.csv,b'vWgdKbUI-cQJonJOt7RsfvYIFHClCPuY-kAEXYx4YxQ='
164c3279-3dfd-373a-90e5-0c3ec46b5528.csv,b'cJQGyDZrkevoDCbGqUd5akIVHS02cOFWeCeMm--WH2E='
273f81dc-6109-33ee-4e7c-ee0a74e87f1c.csv,b'sMkLzXebiqieBdshCGov4s22BQ-OlO3WebKUlqLY-Hw='
d5c5c620-5f81-d037-7ca9-e47977070cce.csv,b'kS-p2x92Fx71YAaqLuJJt5m8uARE4i7bmI1pNN2H96o='
37ab1de3-5807-0fbc-0697-daa95028137d.csv,b'tvrr-cPC3rmH9ZTOYyl7-NelrhBQLTe8TewHvljE-4c='
befc2bcd-ca60-6ee8-7d73-394491f1ca40.csv,b'W2-RRWuB1e-t6oJ1GHuAwKe1GLNaPE2qpLAhG11gH1w='
55119715-00b4-5b6f-55a7-fc3f87c041e5.csv,b'Tqy5r9eod9lC7Gtb92uXlBCoLcs1IzTlkgRNd8jlH7c='
2351351e-8883-6531-7d31-60a0718f271a.csv,b'-a7jnBhX8Wy5JoTdfBhfZ4OooKjyQ5ZYM6ZrKDlzn0M='
17a1e73b-3f0a-ab2d-d6b4-68cb4c606f78.csv,b'mq5WuiTv4w7X-xqeBO7eTOT6usAhW_TWxPcbHF3hKms='
41ca2c8d-f7ed-62da-6505-4dd7379d550a.csv,b'DFIMdfd1Xw4F8o0Z5RqYbR57qsz5NXDlwmQWy5ricOI='
92d3d37d-bc9b-618a-4964-1c789f0e5474.csv,b'phyrgszKhpR2reFqhdTLzWmHjMeESoBy-cx_iKnbqo0='
4e728fb1-a347-f0e5-b1b9-bd365b315d74.csv,b'ZB82vGsyjOWhrfduJ8a72TuSJFNltHV9d5U4WV3zX6U='
5a37bd63-c401-f778-6a07-31648948e31a.csv,b'K4-OSjE1LNZAGfiD4T3pz_GLqcE36I3GVwutKzv2qho='
1feba1c3-7304-6e13-a4ac-ca1b1c9251ee.csv,b'2kCJDyuM1pAwD-g48qHRKeCpwYx15Q3yHqngBv1bA28='
5530cacc-f34e-5f59-1a29-53c11855ec5c.csv,b'9PFskHCojxCTyymrtsOiP8dtzCuknv8oZlyur0nEK_c='
5b3645de-a2d0-d016-0839-bab3757c4c58.csv,b'hYclwUYo2Je7aTpD6tAaW1Xy86h51DAF0uwQAKOueiQ='
2b9342d6-eaf1-d71b-4977-13a6268f3d96.csv,b'WPBkmTNZNUNgmY6MAeqnCDgrdqSOYqmZ27-1V_Rer94='
f50906e4-e45b-644b-45c6-0bf2fda63abc.csv,b'QuEigCb1iJab0jm3grgLX7TwdIvXhTAYyT0AUhwBOpc='
ab9237f0-6fc7-833e-b4f8-db974b4a11d3.csv,b'RlBmmVgQk5cWdA2KYJGXLhPJWCfQjW_Z8xJlfAVL7hE='
0e3423d3-44fc-50ed-60f0-771fab3fa18a.csv,b'8y1w0U86C-hG8jkSNNUJ_-9iExalMJsKD4eNR4npkSc='
6a335d1d-a79a-583b-27d4-435cc36416db.csv,b'YGXspUeEGN-CmgOmoZ2e-cDNRuLRqsRbiqwFUs3e1nU='
551a8cad-96bb-c909-e8f0-1de4ee479cc7.csv,b'rCIbZvJFVAuguHdiAS07wYTjg2d-G2sXTxdwOXZroSQ='
